-- H2 兼容测试数据 — 充分体现各功能

-- ═══════════════ 用户（明文密码，DataInitConfig 启动时自动升级 BCrypt）═══════════════
INSERT INTO `user` (`id`, `username`, `password`, `name`, `email`, `phone`, `address`, `isadmin`, `isvalidate`, `balance`) VALUES
(1, 'admin',  'admin123',  '管理员', 'admin@cakeshop.com',  '13800138000', '上海市静安区', '1', '1', 0),
(2, 'vili',   'Vili1234!', 'vili',  'vili@cakeshop.com',   '13900139000', '上海市浦东新区', '0', '1', 0),
(3, 'rider1', 'Rider1234!','张骑手', 'rider1@cakeshop.com', '13800001111', '配送站', '2', '1', 3120.00),
(4, 'rider2', 'Rider1234!','李骑手', 'rider2@cakeshop.com', '13800002222', '配送站', '2', '1', 1780.00);

ALTER TABLE `user` ALTER COLUMN `id` RESTART WITH 5;

-- ═══════════════ 分类 ═══════════════
INSERT INTO `type` (`id`, `name`, `pid`, `sort`) VALUES
(1,  '蛋糕',      0, 1),
(2,  '面包',      0, 2),
(3,  '甜品',      0, 3),
(4,  '生日蛋糕',  1, 1),
(5,  '慕斯蛋糕',  1, 2),
(6,  '芝士蛋糕',  1, 3),
(7,  '欧式面包',  2, 1),
(8,  '日式面包',  2, 2),
(9,  '马卡龙',    3, 1),
(10, '提拉米苏',  3, 2);

ALTER TABLE `type` ALTER COLUMN `id` RESTART WITH 11;

-- ═══════════════ 商品（15 个）═══════════════
INSERT INTO `goods` (`name`, `cover`, `image1`, `image2`, `image3`, `price`, `intro`, `stock`, `sales`, `type_id`, `addtime`) VALUES
('经典巧克力蛋糕', '/picture/1-1.jpg', '/picture/1-1.jpg', '/picture/1-2.jpg', '/picture/1-3.jpg', 168.00, '精选比利时黑巧克力，浓郁丝滑', 45, 82, 4, '2026-05-01 10:00:00'),
('草莓慕斯蛋糕',   '/picture/2-1.jpg', '/picture/2-1.jpg', '/picture/2-2.jpg', '/picture/2-3.jpg', 188.00, '新鲜草莓搭配轻盈慕斯，入口即化', 32, 65, 5, '2026-05-05 10:00:00'),
('纽约芝士蛋糕',   '/picture/3-1.jpg', '/picture/3-1.jpg', '/picture/3-2.jpg', '/picture/3-3.jpg', 198.00, '浓郁芝士风味，经典纽约配方', 18, 48, 6, '2026-05-08 10:00:00'),
('法式牛角包',     '/picture/4-1.jpg', '/picture/4-1.jpg', '/picture/4-2.jpg', '/picture/4-3.jpg', 18.00,  '法式经典，层次分明，黄油香浓', 120, 210, 7, '2026-05-10 10:00:00'),
('日式红豆面包',   '/picture/5-1.jpg', '/picture/5-1.jpg', '/picture/5-2.jpg', '/picture/5-3.jpg', 12.00,  '日式松软面包，红豆沙内馅', 88, 156, 8, '2026-05-12 10:00:00'),
('经典马卡龙礼盒', '/picture/6-1.jpg', '/picture/6-1.jpg', '/picture/6-2.jpg', '/picture/6-3.jpg', 88.00,  '法式马卡龙，多种口味组合', 55, 92, 9, '2026-05-15 10:00:00'),
('意式提拉米苏',   '/picture/7-1.jpg', '/picture/7-1.jpg', '/picture/7-2.jpg', '/picture/7-3.jpg', 38.00,  '经典意式配方，咖啡酒香浓郁', 28, 120, 10, '2026-05-18 10:00:00'),
('抹茶千层蛋糕',   '/picture/8-1.jpg', '/picture/8-1.jpg', '/picture/8-2.jpg', '/picture/8-3.jpg', 178.00, '日本宇治抹茶，清新回甘', 22, 55, 5, '2026-05-20 10:00:00'),
('草莓冰淇淋蛋糕', '/picture/9-1.jpg', '/picture/9-1.jpg', '/picture/9-2.jpg', '/picture/9-3.jpg', 299.00, '甜郁草莓配合冰淇淋丝滑口感', 15, 38, 4, '2026-06-01 10:00:00'),
('玫瑰舒芙蕾',     '/picture/10-1.jpg','/picture/10-1.jpg','/picture/10-2.jpg','/picture/10-3.jpg',28.00, '优选法国芝士，奶香浓郁', 45, 73, 10, '2026-06-03 10:00:00'),
('半熟芝士',       '/picture/11-1.jpg','/picture/11-1.jpg','/picture/11-1.jpg','/picture/11-1.jpg',38.00, '借鉴日本温泉煮鸡蛋做法', 50, 66, 6, '2026-06-05 10:00:00'),
('青森芝士条',     '/picture/12-1.jpg','/picture/12-1.jpg','/picture/12-1.jpg','/picture/12-1.jpg',36.00, '青森芝士和风轻拂', 60, 89, 7, '2026-06-08 10:00:00'),
('蜂蜜蛋糕',       '/picture/13-1.jpg','/picture/13-1.jpg','/picture/13-1.jpg','/picture/13-1.jpg',36.00, '蛋黄与蜂蜜的曼妙之旅', 42, 54, 8, '2026-06-10 10:00:00'),
('小熊乐园蛋糕',   '/picture/8-1.jpg', '/picture/8-1.jpg', '/picture/8-2.jpg', '/picture/8-3.jpg', 299.00, '可爱小熊主题，小朋友最爱', 25, 47, 4, '2026-06-12 10:00:00'),
('黑森林蛋糕',     '/picture/1-1.jpg', '/picture/1-1.jpg', '/picture/1-2.jpg', '/picture/1-3.jpg', 218.00, '德国经典配方，樱桃与巧克力完美融合', 20, 31, 4, '2026-06-15 10:00:00');

-- ═══════════════ 订单（20+ 订单，覆盖 6 种状态）═══════════════
INSERT INTO `order` (`id`, `user_id`, `name`, `phone`, `address`, `total`, `amount`, `status`, `paytype`, `datetime`, `rider_id`, `rider_income`, `commission`, `review_rating`, `review_content`) VALUES

-- 待支付 (status=1)
('ORD20260615001', 2, 'vili', '13900139000', '上海市浦东新区张江路88号', 168.00, 1, 1, NULL, '2026-06-15 14:30:00', 0, 0, 0, 0, NULL),
('ORD20260618001', 2, 'vili', '13900139000', '上海市浦东新区张江路88号', 356.00, 2, 1, NULL, '2026-06-18 09:20:00', 0, 0, 0, 0, NULL),
('ORD20260619001', 2, 'vili', '13900139000', '上海市浦东新区张江路88号', 88.00,  1, 1, NULL, '2026-06-19 16:00:00', 0, 0, 0, 0, NULL),

-- 待配送 (status=2) — 已支付待骑手接单
('ORD20260610001', 2, 'vili', '13900139000', '上海市浦东新区张江路88号', 198.00, 1, 2, 1, '2026-06-10 11:00:00', 0, 0, 0, 0, NULL),
('ORD20260612001', 2, 'vili', '13900139000', '上海市浦东新区碧波路100号', 386.00, 2, 2, 2, '2026-06-12 15:30:00', 0, 0, 0, 0, NULL),
('ORD20260614001', 2, 'vili', '13900139000', '上海市浦东新区张江路88号', 54.00,  3, 2, 1, '2026-06-14 10:00:00', 0, 0, 0, 0, NULL),

-- 待取货 (status=3) — 骑手已接单
('ORD20260608001', 2, 'vili', '13900139000', '上海市浦东新区碧波路100号', 299.00, 1, 3, 1, '2026-06-08 08:30:00', 3, 0, 35.60, 0, NULL),
('ORD20260609001', 2, 'vili', '13900139000', '上海市浦东新区祖冲之路55号', 376.00, 2, 3, 2, '2026-06-09 13:00:00', 4, 0, 42.00, 0, NULL),

-- 配送中 (status=4)
('ORD20260607001', 2, 'vili', '13900139000', '上海市浦东新区郭守敬路12号', 218.00, 1, 4, 1, '2026-06-07 16:00:00', 3, 0, 28.00, 0, NULL),
('ORD20260611001', 2, 'vili', '13900139000', '上海市浦东新区居里路200号', 178.00, 1, 4, 2, '2026-06-11 10:30:00', 4, 0, 25.00, 0, NULL),

-- 已送达 (status=5) — 包含评价
('ORD20260601001', 2, 'vili', '13900139000', '上海市浦东新区张江路88号', 356.00, 2, 5, 1, '2026-06-01 15:30:00', 3, 35.60, 0, 5, '巧克力蛋糕味道超赞！配送也很快，五星好评！'),
('ORD20260603001', 2, 'vili', '13900139000', '上海市浦东新区碧波路100号', 198.00, 1, 5, 2, '2026-06-03 09:00:00', 4, 19.80, 0, 4, '芝士蛋糕很好吃，包装精美。'),
('ORD20260604001', 1, '管理员', '13800138000', '上海市静安区南京西路100号', 88.00, 1, 5, 1, '2026-06-04 14:00:00', 3, 8.80, 0, 5, '马卡龙礼盒送人很合适！'),
('ORD20260605001', 2, 'vili', '13900139000', '上海市浦东新区张江路88号', 480.00, 3, 5, 2, '2026-06-05 18:00:00', 4, 48.00, 0, 3, '还行吧，面包有点凉了。'),
('ORD20260606001', 2, 'vili', '13900139000', '上海市浦东新区祖冲之路55号', 336.00, 4, 5, 1, '2026-06-06 12:00:00', 3, 33.60, 0, 5, '多次回购了，一如既往的好吃！'),

-- 已取消 (status=6)
('ORD20260613001', 2, 'vili', '13900139000', '上海市浦东新区张江路88号', 598.00, 2, 6, NULL, '2026-06-13 08:00:00', 0, 0, 0, 0, NULL),
('ORD20260617001', 2, 'vili', '13900139000', '上海市浦东新区碧波路100号', 108.00, 3, 6, NULL, '2026-06-17 20:00:00', 0, 0, 0, 0, NULL),

-- 额外的已送达（丰富 30 天营收图表）
('ORD20260616001', 2, 'vili', '13900139000', '上海市浦东新区张江路88号', 188.00, 1, 5, 1, '2026-06-16 14:00:00', 3, 18.80, 0, 0, NULL),
('ORD20260602001', 2, 'vili', '13900139000', '上海市浦东新区郭守敬路12号', 228.00, 2, 5, 2, '2026-06-02 11:00:00', 4, 22.80, 0, 4, '草莓慕斯和半熟芝士都很好吃！');

-- ═══════════════ 订单项 ═══════════════
INSERT INTO `orderitem` (`order_id`, `goods_id`, `price`, `amount`) VALUES
-- ORD20260615001: 经典巧克力蛋糕
('ORD20260615001', 1, 168.00, 1),
-- ORD20260618001: 巧克力+草莓慕斯
('ORD20260618001', 1, 168.00, 1), ('ORD20260618001', 2, 188.00, 1),
-- ORD20260619001: 马卡龙礼盒
('ORD20260619001', 6, 88.00, 1),
-- ORD20260610001: 纽约芝士
('ORD20260610001', 3, 198.00, 1),
-- ORD20260612001: 抹茶千层+巧克力
('ORD20260612001', 8, 178.00, 1), ('ORD20260612001', 1, 168.00, 1), ('ORD20260612001', 4, 18.00, 1),
-- ORD20260614001: 3个法式牛角包
('ORD20260614001', 4, 18.00, 3),
-- ORD20260608001: 草莓冰淇淋蛋糕
('ORD20260608001', 9, 299.00, 1),
-- ORD20260609001: 抹茶千层+玫瑰舒芙蕾
('ORD20260609001', 8, 178.00, 1), ('ORD20260609001', 10, 28.00, 1),
-- ORD20260607001: 黑森林
('ORD20260607001', 15, 218.00, 1),
-- ORD20260611001: 抹茶千层
('ORD20260611001', 8, 178.00, 1),
-- ORD20260601001: 巧克力+草莓慕斯
('ORD20260601001', 1, 168.00, 1), ('ORD20260601001', 2, 188.00, 1),
-- ORD20260603001: 纽约芝士
('ORD20260603001', 3, 198.00, 1),
-- ORD20260604001: 马卡龙
('ORD20260604001', 6, 88.00, 1),
-- ORD20260605001: 牛角包+红豆面包+提拉米苏
('ORD20260605001', 4, 18.00, 2), ('ORD20260605001', 5, 12.00, 1), ('ORD20260605001', 7, 38.00, 3),
-- ORD20260606001: 多样小件
('ORD20260606001', 10, 28.00, 2), ('ORD20260606001', 11, 38.00, 1), ('ORD20260606001', 12, 36.00, 1), ('ORD20260606001', 13, 36.00, 1),
-- ORD20260613001: 冰淇淋+小熊乐园
('ORD20260613001', 9, 299.00, 1), ('ORD20260613001', 14, 299.00, 1),
-- ORD20260617001: 3个提拉米苏
('ORD20260617001', 7, 38.00, 3),
-- ORD20260616001: 草莓慕斯
('ORD20260616001', 2, 188.00, 1),
-- ORD20260602001: 提拉米苏+半熟芝士
('ORD20260602001', 7, 38.00, 3), ('ORD20260602001', 11, 38.00, 2);

-- ═══════════════ 评价（order 表已有 review，这里补充商品评价表）═══════════════
INSERT INTO `review` (`goods_id`, `user_id`, `user_name`, `content`, `rating`, `create_time`) VALUES
(1, 2, 'vili', '巧克力味道非常浓郁，入口即化，绝对是巧克力爱好者的首选！', 5, '2026-06-01 16:00:00'),
(1, 1, '管理员', '店内招牌产品，比利时进口巧克力原料，品质保证。', 5, '2026-06-01 17:00:00'),
(2, 2, 'vili', '草莓很新鲜，慕斯轻盈不腻，夏天吃太合适了。', 4, '2026-06-02 10:00:00'),
(3, 2, 'vili', '芝士味很正，分量也足，回购了好几次。', 5, '2026-06-03 11:00:00'),
(4, 1, '管理员', '经典法式工艺，层层酥脆，早餐搭配咖啡绝佳。', 5, '2026-06-03 08:00:00'),
(5, 2, 'vili', '面包松软，红豆馅甜而不腻，性价比高。', 4, '2026-06-05 19:00:00'),
(7, 2, 'vili', '提拉米苏的咖啡酒味恰到好处，不会太甜。', 4, '2026-06-04 12:00:00'),
(8, 1, '管理员', '宇治抹茶粉制作，茶香清新，千层皮薄如蝉翼。', 5, '2026-06-05 10:00:00'),
(10, 2, 'vili', '舒芙蕾轻盈蓬松，入口化开的感觉很幸福。', 5, '2026-06-10 14:00:00'),
(14, 2, 'vili', '小朋友特别喜欢小熊造型，生日必备！', 5, '2026-06-16 08:00:00');

-- ═══════════════ 收藏 ═══════════════
INSERT INTO `favorite` (`user_id`, `goods_id`, `create_time`) VALUES
(2, 1, '2026-06-01 16:00:00'),
(2, 3, '2026-06-02 20:00:00'),
(2, 8, '2026-06-03 12:00:00'),
(2, 9, '2026-06-15 09:00:00'),
(2, 15, '2026-06-18 14:00:00');

-- ═══════════════ 骑手消息（已读/未读混合）═══════════════
INSERT INTO `rider_message` (`rider_id`, `type`, `title`, `content`, `is_read`, `create_time`) VALUES
(3, 'order',  '新订单提醒 #ORD20260608001', '您有新订单待接单，订单号 ORD20260608001，配送地址：上海市浦东新区碧波路100号', 1, '2026-06-08 08:30:00'),
(3, 'order',  '新订单提醒 #ORD20260607001', '您有新订单待接单，订单号 ORD20260607001，配送地址：上海市浦东新区郭守敬路12号', 1, '2026-06-07 16:00:00'),
(3, 'income', '配送收入到账', '订单 #ORD20260601001 配送完成，收入 ¥35.60 已到账', 0, '2026-06-01 16:00:00'),
(3, 'income', '配送收入到账', '订单 #ORD20260606001 配送完成，收入 ¥33.60 已到账', 0, '2026-06-06 12:30:00'),
(3, 'system', '平台公告：端午节配送安排', '端午节期间（6月25-27日）配送费调整为平时1.5倍，请合理安排配送时间', 0, '2026-06-20 10:00:00'),
(3, 'system', '系统升级通知', '配送系统将于6月15日凌晨2:00-4:00进行升级维护，期间无法接单', 1, '2026-06-14 08:00:00'),
(4, 'order',  '新订单提醒 #ORD20260609001', '您有新订单待接单，订单号 ORD20260609001，配送地址：上海市浦东新区祖冲之路55号', 0, '2026-06-09 13:00:00'),
(4, 'income', '配送收入到账', '订单 #ORD20260603001 配送完成，收入 ¥19.80 已到账', 0, '2026-06-03 10:00:00');

-- ═══════════════ 骑手聊天（配送中/待取货订单的对话）═══════════════
INSERT INTO `rider_chat` (`order_id`, `sender`, `sender_name`, `content`, `create_time`) VALUES
('ORD20260607001', 'user', 'vili', '骑手师傅您好，大概什么时候能送到？', '2026-06-07 16:10:00'),
('ORD20260607001', 'rider', '张骑手', '您好，预计30分钟左右到，已经在路上了', '2026-06-07 16:12:00'),
('ORD20260607001', 'user', 'vili', '好的谢谢！到了放门口就行', '2026-06-07 16:13:00'),
('ORD20260607001', 'rider', '张骑手', '好的没问题！', '2026-06-07 16:14:00'),
('ORD20260611001', 'user', 'vili', '师傅好，这个蛋糕容易化，麻烦注意冷藏', '2026-06-11 10:35:00'),
('ORD20260611001', 'rider', '李骑手', '放心，我们有保温箱的，保证新鲜送到', '2026-06-11 10:36:00');
